#threads,exec_time,speedup
1S,0.070336,1
1,0.070858,.992633
2,0.071626,.981989
3,0.071827,.979241
4,0.075482,.931824
