#threads,exec_time,speedup
1S,0.024344 ,1
1, 0.017003 ,.698447
2, 0.019952 ,.819585
3, 0.020919 ,.859308
4, 0.018591 ,.763678
