#threads,exec_time,speedup
1S,0.026225 ,1
1, 0.021358 ,.814413
2, 0.020156 ,.768579
3, 0.021921 ,.835881
4, 0.023966 ,.913860
