#threads,exec_time,speedup
1S,0.583136 ,1
1, 0.592759 ,1.016502
2, 0.590776 ,1.013101
3, 0.580084 ,.994766
4, 0.580859 ,.996095
