#threads,exec_time,speedup
1S,0.054737 ,1
1, 0.055065 ,1.005992
2, 0.054192 ,.990043
3, 0.055094 ,1.006522
4, 0.062036 ,1.133346
