#threads,exec_time,speedup
1S,0.044778 ,1
1, 0.040386 ,.901916
2, 0.040224 ,.898298
3, 0.038651 ,.863169
4, 0.041712 ,.931528
