#threads,exec_time,speedup
1S,4.762336 ,1
1, 4.760998 ,.999719
2, 4.784479 ,1.004649
3, 4.750540 ,.997523
4, 4.764160 ,1.000383
