#threads,exec_time,speedup
1S,8.346043 ,1
1, 8.385281 ,1.004701
2, 8.321017 ,.997001
3, 8.364107 ,1.002164
4, 8.338499 ,.999096
