#threads,exec_time,speedup
1S,0.033332 ,1
1, 0.028177 ,.845343
2, 0.031878 ,.956378
3, 0.029746 ,.892415
4, 0.032631 ,.978969
