#threads,exec_time,speedup
1S,0.076261 ,1
1, 0.071523 ,.937871
2, 0.069851 ,.915946
3, 0.075720 ,.992905
4, 0.074857 ,.981589
