#threads,exec_time,speedup
1S,0.290861 ,1
1, 0.278341 ,.956955
2, 0.279967 ,.962545
3, 0.288174 ,.990761
4, 0.290290 ,.998036
